,pmid,url
10.1016/j.brat.2017.09.014,29066077,https://osf.io/amxpv/
10.1523/jneurosci.0075-18.2018,30061189,https://osf.io/z2gwf/
10.1162/netn_a_00116,32043043,https://osf.io/fa6zr/
10.1038/nrn.2016.167,28053326,https://osf.io/spr9a/
10.1016/j.neuron.2020.03.015,32325057,https://osf.io/w6emk/
10.1073/pnas.1818430116,30842284,https://osf.io/5mjns/
10.1038/s41467-019-10301-1,31127115,https://osf.io/zk6w9/
10.1371/journal.pone.0184661,28945803,https://osf.io/haf97/
10.1371/journal.pone.0201580,30059542,https://osf.io/fdvrk/
10.1016/j.tics.2017.11.003,29183655,https://osf.io/tgknp/
10.1017/thg.2018.46,30001766,https://osf.io/t5kzx/