,authors,year,title,location
0,Poldrack RA,2020,Towards an open science ecosystem for neuroimaging,Keynote talk presented to the Neuromatch.io conference (virtual).  March. 
1,Poldrack RA,2020,Toward an ecosystem for open and reproducible science,Talk presented to the Max Planck Cognition Academy (virtual).  January.   
2,Poldrack RA,2019,Towards an open science ecosystem for neuroimaging,Talk presented to the Montreal Neurological Institute Open Science Symposium (virtual).  March. 
3,Poldrack RA,2019,Building around standards: The role of BIDS in neuroimaging data sharing,"Talk presented at the ACNN Annual Meeting, Ann Arbor, MI, September."
4,Poldrack RA,2019,"What's wrong with neuroimaging research, and how can we make it right.","Talk presented at the Neurohackademy, Seattle, WA, June."
5,Poldrack RA,2019,OpenNeuro: Data sharing for the BRAIN Initiative.,"Talk presented at the OHBM Open Science SIG, Rome, June."
6,Poldrack RA,2019,The importance of standards for data sharing in neuroimaging.,"Keynote presented at the Human Connectome Project Investigators Meeting, Bethesda, MD, May."
7,Poldrack RA,2019,Grand views and potholes on the road to precision neuroimaging.,"Talk presented at the Neuroimaging and Modulation in Obesity and Diabetes Research 10th Anniversary Meeting, Bethesday, MD, April."
8,Poldrack RA,2019,OpenNeuro: An open archive for BRAIN Initiative neuroimaging data.,"Talk presented at the BRAIN Initiative Investigators Meeting, Washington, DC, April."
9,Poldrack RA,2018,Toward a Computational Ontology of Mental Function,"Keynote presented at the Deliberations on Cognitive Ontology Conference, St. Louis, MO, October.   "
10,Poldrack RA,2018,How Data Sharing Succeeded in Neuroimaging,"Keynote presented at the SRCD DEVSEC2018 Meeting, Phoenix, AZ, October.  "
11,Poldrack RA,2018,Towards a robust data organization scheme for neuroimaging: the Brain Imaging Data Structure.,"Keynote presented at Neuroinformatics 2018, Montreal, August. "
12,Poldrack RA,2018,Reproducibility in neuroimaging: What is the problem.,"Talk presented at Neurohackademy 2018, Seattle, July.  "
13,Poldrack RA,2018,What is the structure of self-regulation.,"Talk presented at the Association for Psychological Science Annual Meeting, San Francisco, May.  "
14,Poldrack RA,2018,From Big Data to Big Knowledge. Analytic and conceptual challenges for developmental neuroimaging,"Talk presented at the FLUX Satellite meeting, Chapel Hill, NC, May.  "
15,Poldrack RA,2018,Creating a reproducible research pipeline.,"Talk presented at the BBSRC STARS Course on Advanced Methods for Reproducible Science, Windsor, UK, April.   "
16,Poldrack RA,2017,Making neuroimaging more reproducible and transparent,"Talk presented at the Annual Meeting of the American Academy of Adolescent and Child Psychiatry, Washington, DC, October."
17,Poldrack RA,2017,Reproducibility in neuroimaging: Challenges and solutions,"Kavli Workshop Lecture, Society for Neuroeconomics, Toronto, October."
18,Poldrack RA,2017,Reproducibility in neuroimaging: What's the problem.,"Talk presented at NeuroHackWeek 2017, Seattle, September."
19,Poldrack RA,2017,Computational infrastructure for cognitive neuroscience: The Poldracklab experience,"Talk presented remotely to NeuroComp17, Madison, WI, August "
20,Poldrack RA,2017,Making neuroimaging more reproducible and transparent,"Talk presented at the International Conference on Cognitive Neuroscience (ICON), Amsterdam, August.  "
21,Poldrack RA,2017,Improving reproducibility of fMRI studies,"Talk presented at the Society for the Study of Ingestive Behavior, Montreal, July  "
22,Poldrack RA,2017,The dynamics of human brain function,"Talk presented at the Neuroscience Workshop Saclay, Paris, June  "
23,Poldrack RA,2017,Building reproducible analysis workflows.,"Talk presented at the BBSRC Workshop on Advanced Methods for Reproducible Science. Windsor, UK, March "
24,Poldrack RA,2017,Improving the reproducibility of computational research: Cyberinfrastructure for cognitive neuroscience,"Distinguished Lecture, National Science Foundation, Directorate for Computer and Information Science and Engineering., March.  "
25,Poldrack RA,2017,Mechanisms of behavioral change,"Talk presented at the Geneva-Princeton Learning Meeting, January.   "
26,Poldrack RA,2016, Improving the reproducibility of neuroimaging research,"Talk presented at Neurohackweek, Seattle, September.  "
27,Poldrack RA,2016,The future of fMRI in cognitive neuroscience,Talk presented at the UCLA Advanced Neuroimaging Summer School. July 
28,Poldrack RA,2016,Inferring mental states from imaging data: OpenfMRI and the Cognitive Atlas,"Talk presented at the Organization for Human Brain Mapping Annual Meeting, Geneva, June.  "
29,Poldrack RA,2016,Automatic influences on value,"Talk presented at Decision Neuroscience Annual Meeting, Philadelphia, June.  "
30,Poldrack RA,2016,Representing Knowledge in Psychology: Challenges and Perspectives,"Talk presented at Association for Psychological Science Annual Meeting, Chicago, May.  "
31,Poldrack RA,2016,Changing choices and preferences through automatic mechanisms,"Talk presented at Association for Psychological Science Annual Meeting, Chicago, May.  "
32,Poldrack RA,2016,Using neuroscience to refine the ontology of psychology,"Talk presented at Rethinking the Taxonomy of Psychology, London, Ontario, April.  "
33,Poldrack RA,2015,The future of fMRI in cognitive neuroscience,Talk presented at the UCLA Advanced Neuroimaging Summer School. 
34,Poldrack RA,2015,"Cognitive ontologies, data sharing, and reproducibility. ","Talk presented at the Dagstuhl Perspectives Workshop on Digital Scholarship and Open Science in Psychology and the Behavioral Sciences, Dagstuhl, Germany, July.   "
35,Poldrack RA,2015,Peripheral gene expression and brain function,"Talk presented at the Organization for Human Brain Mapping Annual Meeting, Honolulu, June.   "
36,"Shine JM, Koyejo O, Gilat M, Bell P, Poldrack RA",2015,Robust estimation of dynamic functional connectivity using a novel functional coupling analysis,"Poster presented at the Organization for Human Brain Mapping Annual Meeting, Honolulu, June"
37,"Laumann T, Snyder AZ, Gordon E, Adeyemo E, Poldrack RA, Petersen SE",2015,Start-of-scan effects in resting state fMRI,"Poster presented at the Organization for Human Brain Mapping Annual Meeting, Honolulu, June"
38,"Gorgolewski KJ, Wheeler K, Halchenko Y, Poline JB, Poldrack RA",2015,The impact of shared data in neuroimaging: the case of OpenfMRI,"Poster presented at the Organization for Human Brain Mapping Annual Meeting, Honolulu, June"
39,"Gorgolewski KJ, Varoquaux G, Rivera G, Wexler J, Schwartz Y, Ghosh S, Maumet C, Nichols T, Poline JB, Yarkoni T, Margulies D, Poldrack RA",2015,NeuroVault: new features and a proof of concept analysis,"Poster presented at the Organization for Human Brain Mapping Annual Meeting, Honolulu, June"
40,"Nichols N, Keator D, Maumet C, Flandin G, Nichols T, Gorgolewski KJ, Halchenko Y, Hanke M, Haselgrove C, Helmer K, Marcus D, Poldrack RA, Turner J, Kennedy D, Poline JB, Pohl K",2015,Application of the Neuroimaging Data Model to Represent and Exchange Primary and Derived Data,"Poster presented at the Organization for Human Brain Mapping Annual Meeting, Honolulu, June"
41,"Poline JB, Das S, Keator D, Gorgolewski KJ, Auer T, Chen G, Craddock C, Flandin G, Ghosh S, Halchenko Y, Hanke M, Haselgrove C, Helmer K, Jenkinson M, Klein A, Marcus D, Margulies D, Maumet C, Michel F, Nichols N, Nichols TE, Poldrack RA, Reynolds R, Saad ZS,  Schmah T,  Steffener J, Turner J, van Erp T, Van Horn J, Kennedy D",2015,How to make brain imaging research efficient and reproducible: building software and standards,"Poster presented at the Organization for Human Brain Mapping Annual Meeting, Honolulu, June"
42,"Ghosh S, Auer T, Gorgolewski KJ, Halchenko Y, Hanke M, Flandin G, Nichols N, Poldrack RA, Van Horn J, Marcus D, Keator D",2015,NIDM-Workflow - The Evolution of Provenance in Neuroimaging,"Poster presented at the Organization for Human Brain Mapping Annual Meeting, Honolulu, June"
43,Poldrack RA,2015,Decision making and cognitive control: Towards a new synthesis,"Talk presented at the Nutritional Neuroscience Symposium, Utrecht, Netherlands, March.   "
44,"Poldrack, RA",2014,"Toward an ecosystem for task fMRI data sharing: Neurosynth, Neurovault, and OpenfMRI","Talk presented at the American Academy of Child and Adolescent Psychiatry, San Diego, October. "
45,Poldrack RA,2014,Using neuroimaging to infer mental states: A guided tour through the minefield,"Kavli Foundation Workshop, Society for Neuroeconomics Annual Meeting, Miami, September"
46,Poldrack RA,2014,Towards a personalized cognitive neuroscience: The MyConnectome Project,"Keynote address presented at the International Conference on Cognitive Neuroscience (ICON), Brisbane, July.  "
47,Poldrack RA,2014,Large-scale decoding of neurocognitive organization.,"Keynote address presented at the Pattern Recognition in Neuroimaging meeting, Tubingen, Germany, June.   "
48,Poldrack RA,2014,The Cognitive Atlas Project,"Talk presented at the Annual Meeting of the Association for Psychological Science, San Francisco, May.  "
49,"Poldrack RA, Laumann TO, Frick L, Koyejo O, Gregory B, Hover A, Chen MY, Huk A, Joo SJ, Handwerker D, Liang J, Boyd R, Simpson ZB, Hunicke-Smith S, Caven T, Marcotte E, Petersen SE, Mumford JA",2014,Extensive neurocognitive phenotyping of a single human: The MyConnectome Project,Organization for Human Brain Mapping Abstracts
50,"Laumann TO, Gordon EM, Adeyemo B, Snyder AZ, Poldrack RA, Petersen SE",2014,Resting state correlation reliability and variability in a single subject: The MyConnectome Project,Organization for Human Brain Mapping Abstracts
51,Poldrack RA,2013,Is ``efficiency'' a useless concept.,"Talk presented at the First Flux Congress, Pittsburgh, September. "
52,Poldrack RA,2013,Beyond the GLM: Advanced fMRI analysis techniques.,"Talk presented at the QBIN Summer School on Basic and Advanced fMRI, August. "
53,Poldrack RA,2013,The Cognitive Atlas Project,"j.  Keynote address presented at the Cognitive Ontologies meeting, Manchester, June. "
54,Poldrack RA,2013,From neuroimaging to mental structure.,"Keynote address presented at the Organization for Human Brain Mapping Annual Meeting, Seattle, June."
55,Poldrack RA,2012,Cognitive Neuroinformatics.,"Keynote address presented at Neuroinformatics 2012, Munich, September."
56,"Poldrack RA, Mumford JA, Schonberg T, Kalar D, Barman B, Yarkoni T",2012,"Discovering relations between mind, brain, and mental disorders using topic mapping","Organization for Human Brain Mapping Abstracts, \#806"
57,"Yarkoni T, Poldrack R, Nichols T, Van Essen D and Wager T",2011,Extensions and improvements to the Neurosynth framework for automated meta-analysis,"Organization for Human Brain Mapping Abstracts, \#809"
58,"Poldrack, RA",2012,The future of fMRI in the cognitive neuroscience of language.,"Talk presented at the International Workshop on Brain, Cognition, and Learning, Beijing, June."
59,"D G Ghahremani, C Robertson, E Ahlenius, A T Morgan, G Tabibnia, B Lee, A K Brown, M A Mandelkern, J Monterosso, R A Poldrack, E D London",2011,Striatal dopamine receptor availability predicts response inhibition behavior and related fMRI BOLD activation in humans,"Society for Neuroscience Abstracts, 91"
60,"E J Congdon, A A Bato, T Schonberg, K H Karlsgodt, F W Sabb, T D Cannon, E D London, R M Bilder, N B Freimer, R A Poldrack",2011,Neural and behavioral correlates of ambiguity in risk-related decision making: A comparison of BART vs,ART
61,"G Xue, R A Poldrack, Z Lu, C Chen, J Mumford, Q Dong",2011,Spaced learning improves memory by enhancing pattern reinstatement,"Society for Neuroscience Abstracts, 327"
62,"D Worthy, M A Gorlick, J Mumford, A Bakkour, R A Poldrack, W Maddox",2011,Neural correlates of model-based and model-free learning in a dynamic decision-making task,"Society for Neuroscience Abstracts, 403"
63,"A Bakkour, T Schonberg, E Barkley-Levenson, R A Poldrack",2011,Structural connectivity of a reward-based decision making network,"Society for Neuroscience Abstracts, 515"
64,"T Schonberg, J Mumford, A Bakkour, E Barkley-Levenson, R A Poldrack",2011,Representational connectivity analysis between regions of the reward-based decision-making network,"Society for Neuroscience Abstracts, 515"
65,"R A Poldrack, D Kalar, B Barman, J Mumford, T Yarkoni",2011,Topic mapping: A literature-wide analysis of mind-brain relationships,"Society for Neuroscience Abstracts, 841"
66,"C N White, R A Poldrack",2011,Decision rules and the transformation of perceptual information into decision-related action,"Society for Neuroscience Abstracts, 931"
67,"Yarkoni T, Poldrack R, Nichols T, Van Essen D and Wager T",2011,NeuroSynth: a new platform for large-scale automated synthesis of human functional neuroimaging data,Front
68,"Poldrack, RA",2011,Learning and changing habits.,"Talk presented at the International Workshop on Brain, Cognition, and Learning, Beijing, May."
69,"S Shemmassian, J A Brown, A Galvan, R Poldrack, S S Lee, D Shirinyan, E Miller, J Cohen, R Bilder, J Mcgough, S Bookheimer, J T Mccracken",2010,White matter differences in boys and girls with attention-deficit hyperactivity disorder,"Society for Neuroscience Abstracts, 16"
70,"A Lenartowicz, F Verbruggen, R A Poldrack",2010,Inhibition-related activation in the right inferior frontal gyrus in the absence of inhibitory cues,"Society for Neuroscience Abstracts, 95"
71,"M Vendetti, S Cho, T Moody, B Knowlton, R Poldrack, T Cannon, K Holyoak",2010,Relational integration in the semantic processing of analogies,"Society for Neuroscience Abstracts, 802"
72,"D G Ghahremani, B Lee, G Tabibnia, A K Brown, M A Mandelkern, J Monterosso, R A Poldrack, E D London",2010,Ventral striatal dopamine D2/D3 receptor availability and BOLD signal related to prediction error are negatively correlated: Individual differences in human subjects,"Society for Neuroscience Abstracts, 599"
73,"Poldrack, RA",2010,Toward a semantic infrastructure for cognitive neuroscience: The Cognitive Atlas,"Talk presented at the Cognitive Neuroscience Society Annual Meeting, Montreal, April."
74,"Miller E, Seppa C, Kittur A, Sabb F,  Poldrack RA",2010,The Cognitive Atlas: employing interaction design processes to facilitate collaborative ontology creation.,"Talk presented to the HCLS 2010 Meeting on The Future of the Web for Collaborative Science, Raleigh, NC, April."
75,"Poldrack, RA",2010,Inference and Imaging.,"Talk presented at the Hastings Center Workshop on Interpreting Neuroimages II, Philadelphia, February."
76,"Poldrack, RA",2009,Reading mental states from neuroimaging data: From reverse inference to pattern classification.,"Talk presented at the UC Irvine Institute for Mathematical Behavioral Sciences workshop on Inference and Imaging, November."
77,"A Galvan, C M Baker, K M Mcglennon, J Mumford, G Tabibnia, R A Poldrack, E D London",2009,Neural correlates of response inhibition and risk-taking in late adolescent smokers and nonsmokers,"Society for Neuroscience Abstracts, 93"
78,"A A Scott, B S Abrahams, A-I Alvarez-Retuerto, L Sonnenblick, D Ghahremani, J Mumford, R A Poldrack, M Dapretto, D H Geschwind, S Y Bookheimer",2009,Genetic variation in CNTNAP2 modulates human frontal cortical connectivity,"Society for Neuroscience Abstracts, 213"
79,"E M Miller, A Galvan, S Y Bookheimer, R M Bilder, J T Mccracken, R A Poldrack",2009,Structural correlates of response inhibition and symptom severity in children with ADHD,"Society for Neuroscience Abstracts, 537"
80,"D G Ghahremani, B Lee, G Tabibnia, J Monterosso, R A Poldrack, E D London",2009,Impulsive behavior and dopamine D2/3 receptor availability in healthy and MA-dependent individuals,"Society for Neuroscience Abstracts, 554"
81,"M I Garrido, K H Karlsgodt, K H Nuechterlein, T D Cannon, R A Poldrack",2009,Disrupted effective connectivity and working memory in schizophrenia,"Society for Neuroscience Abstracts, 790"
82,"A M Rizk-Jackson, D Stoffers, S Sheldon, A Dale, J Goldstein, J Corey-Bloom, R A Poldrack, A R Aron",2009,Comparing potential MRI biomarkers for detecting neurodegeneration in presymptomatic Huntingtonâ€™s disease,"Society for Neuroscience Abstracts, 894"
83,"Barkley-Levenson, EE, Tom, SM, Mumford, JA, Fox, CR, Poldrack, RA",2009,An fMRI Study of Decision and Experienced Utility in Risky Decision-Making,"Organization for Human Brain Mapping Abstracts, \#243"
84,"Cohen, JR, Poldrack, RA",2009,The Neural Correlates of Multiple Forms of Self-Control,"Organization for Human Brain Mapping Abstracts, \#25"
85,"Garrido, MI, Poldrack, RA",2009,Graphical causal search of functional networks engaged in response inhibition,"Organization for Human Brain Mapping Abstracts, \#369"
86,"Ghahremani, DG, Tabibnia, G, Monterosso,J,  Kalar, D, Poldrack, RA, London, ED",2009,Modafinil boosts prediction error-related signals in the mesolimbic dopamine pathway of methamphetamine-dependent and healthy control participants,"Organization for Human Brain Mapping Abstracts, \#97"
87,"Kenner, NM, Mumford, JA, Lenartowicz, A, Hommer, RE, Skup, M, Leibenluft, E, Poldrack, RA",2009,Comparing networks involved in stopping and changing motor responses,"Organization for Human Brain Mapping Abstracts, \#104"
88,"Mumford, JA, Poldrack, RA, Oldham, MC, Geshwind, DH, Langfelder, P, Horvath, S",2009,Functional Connectivity Using Weighted Voxel Coexpression Network Analysis,"Organization for Human Brain Mapping Abstracts, \#420"
89,"Narayan, VM, Poldrack, RA, Fong, T, Toga, AW",2009,Functional activation associated with the Balloon Analog Risk Task in pathological gamblers,"Organization for Human Brain Mapping Abstracts, \#93"
90,"Poldrack, RA",2009,Reading mental states from neuroimaging data: From reverse inference to pattern classification.,"Keynote lecture presented at Conceptual Issues in fMRI Interpretation: An Interdisciplinary Workshop, Guelph, Ontario, May."
91,"Poldrack, RA",2009,What can we predict from fMRI. Lessons for developmental neuroimaging,"Talk presented at the Conference on Methods and Challenges in Developmental Neuroimaging, Amsterdam, May."
92,"Cohen, JR, Sabb, FW, Bilder, RM, Bookheimer, SY, Knowlton, BJ, Asarnow, RF,   Poldrack, RA",2008,The behavioral and neural development of reward-motivated learning,"Society for Neuroscience Abstracts, 121"
93,"Galvan, A, Greene, DJ, Nguyen, PT, Bookheimer, SY, Bilder, RM, McCracken, J,   Poldrack, RA",2008,Neural correlates of response inhibition and symptom severity in children with ADHD,"Society for Neuroscience Abstracts, 121"
94,"Rizk-Jackson, AM Aron, AR, Mumford, JA, Poldrack, RA",2008,How powerful are fMRI biomarkers for detecting change over time,"Society for Neuroscience Abstracts, 497"
95,"Poldrack, RA, Mumford, JA, Oldham, MC,  Geschwind, DH",2008,Detecting voxel coactivation networks in fMRI data using topological overlap measures,"Society for Neuroscience Abstracts, 497"
96,"Ghahremani, DG, Tabibnia, G, Monterosso, J, Poldrack, RA,  London, ED",2008,Effects of modafinil on cognitive control in methamphetamine abusers: evidence from human behavioral and neuroimaging studies,"Society for Neuroscience Abstracts, 455"
97,"Kenner, NM, Mumford, JA, Hoommer, RE, Skup, M, Liebenluft, E,  Poldrack, RA",2008,Stopping and changing motor responses engages partially overlapping networks,"Society for Neuroscience Abstracts, 871"
98,"Poldrack, RA",2008,Beyond Phrenology: Neuroimaging and cognitive ontologies,"Talk presented at the Annual Meeting of the Organization for Human Brain Mapping, Melbourne, Australia"
99,"Cohen, JR, Sabb, F, Bilder, RM, Bookheimer, SY, Knowlton, BJ, Asarnow, R, Poldrack, RA",2008,The development of white matter tracts and response inhibition examined using diffusion tensor imaging,"Human Brain Mapping Abstracts, \#64"
100,"Rizk-Jackson, A, Mumford, J, Poldrack, RA",2008,Classification analysis of rapid event-related fMRI studies,"Human Brain Mapping Abstracts, \#484"
101,"Sabb, FW, van Erp, T, Wu, K, Rizk-Jackson, A, Dapretto, M, Caplan, R, Hardt, M, Poldrack, RA, Cannon, T, Bearden, C",2008,Classification of fMRI during discourse processing in adolescents at ultra high risk for psychosis,"Human Brain Mapping Abstracts, \#353"
102,"Poldrack, RA",2008,Neural systems for learning and controlling skills,"Talk presented at the Georgetown CBBC Workshop on The Neurocognition of Language and Memory: Retention, Attrition, and Aging, March."
103,"Poldrack, RA  Fox, CR",2008,Prospect theory and the brain,"Talk presented at the NYU Neuroeconomics conference, January."
104,"Foerde, K, Knowlton, BJ,  Poldrack, RA",2007,Overtraining reduces neural responses to feedback in probabilistic classification learning,"Society for Neuroscience Abstracts, 526"
105,"Bilder, R, Parker, DS, Brown, N, Kalar, D, Sabb, F, Glahn, D, Bearden, CE, Poldrack, RA, Shattuck, D, Cannon, T, London, E, Freimer, N,  Toga, A",2007,Cognitive Phenomics: Web-based tools for hypothesis development in neuropsychiatry,"Society for Neuroscience Abstracts, 101"
106,"Poldrack, RA, Halchenko, YO,  Hanson, SJ",2007,Large-scale between-subjects classification of mental states using fMRI data,"Society for Neuroscience Abstracts, 104"
107,"Xue, G, Ghahremani, D,  Poldrack, RA",2007,Neural mechanisms underlying cognitive and response reversal,"Society for Neuroscience Abstracts, 454"
108,"Cohen, JR, Sabb, FW, Bilder, RM, Bookheimer, SY, Knowlton, BJ, Asarnow, RF,  Poldrack, RA",2007,Neural development of reward processing across adolescence,"Society for Neuroscience Abstracts, 866"
109,"London, ED, Lee, B, Tabibnia, G, Monterosso, JR, Farahi, J, Aron, AR, Poldrack, RA, Mandelkern, MA, Dahlbom, M, Bokarius, A, Brody, AL,  Bilder, RM",2007,Association of ventral striatal dopamine D2/D3 receptors with stop-signal reaction time,"Society for Neuroscience Abstracts, 910"
110,"Poldrack, RA",2007,Memory systems and category learning,"Talk presented at the European Conference on Visual Perception, Arezzo, Italy, August."
111,"Poldrack, RA",2007,Distinguishing category versus response learning using a reversal paradigm. ,"Talk presented at the Memory Disorders Research Society Annual Meeting, Cambridge, England, September."
112,"Cohen, JR, Sabb, FW, Bilder, RM, Bookheimer, SY, Knowlton, BJ, Asarnow, RF, Poldrack, RA",2007,Neural substrates of response inhibition in children examined using fMRI,"Organization for Human Brain Mapping Abstracts, \#11"
113,"Aron, AR, Behrens, TE, Frank, MJ, Smith S, Poldrack, RA",2007,Triangulating the network for cognitive control: A Combined Diffusion Tractography And Functional Imaging Study,"Organization for Human Brain Mapping Abstracts, \#1"
114,"Kalar, D, Poldrack, R, Parker, DS, Torvik, V, Smalheiser, N, Bilder, RM",2007,PubBrain: An interactive website for literature visualization and exploration,"Organization for Human Brain Mapping Abstracts, \#309"
115,"Mumford, J, Poldrack, R, Nichols T",2007,fMRIpower: A Power Calculation Tool for 2-Stage fMRI Models,"Organization for Human Brain Mapping Abstracts, \#328"
116,"Xue, G, Ghahremani, D, Poldrack RA",2007,Neural dissociations between response and cognitive reversal,"Organization for Human Brain Mapping Abstracts, \#66"
117,"Poldrack, RA",2007,What can (and can\~Ot) fMRI tell us about the brain.,"Talk presented at the California Science and the Law Institute Conference on Neurobiology and the Courts. Riverside, CA."
118,"Poldrack, RA",2006,Balancing risk and reward in decision making: An fmri study of the Balloon Analog Risk Task,"Talk presented at the Affect, Motivation, and Decision Making Conference, Ein Boqeq, Israel.  "
119,"Poldrack, RA",2006,"Skill acquisition, multiple memory systems, and cognitive control","Talk presented at the Rodin Remediation Academy Annual Meeting, Georgetown University, October."
120,"Poldrack, RA",2006,Learning-related changes during skill learning: Evidence for memory system interactions.,"Talk presented at the at the Marburg Conference on Neuroimaging and  Theories of Memory, Marburg, Germany,  July."
121,Poldrack RA,2006,Imaging skill learning using fMRI: Insights and challenges,"Talk presented at the John Merck Fund Summer Institute on the Biology of Developmental Disabilities, Princeton, June."
122,"Stover, ERS, Fox, CR, Trepel, C, Poldrack, RA",2006,The Neural Correlates of Decision Making Under Risk: an fMRI Study,"Organization for Human Brain Mapping Abstracts, \#379"
123,"Poldrack, RA, Smith, SM, Behrens, T, Todd, MT, Aron, AR",2006,The role of a \`Ohyperdirect\'O fronto-subthalamic pathway in response inhibition: Evidence from fMRI-seeded tractography and voxel-based FA analyses,"Organization for Human Brain Mapping Abstracts, \#567"
124,"Tohka, J, Foerde, K, Toga, AW, Poldrack, RA",2006,Automatic independent component labeling for artifact reduction in fMRI,"Organization for Human Brain Mapping Abstracts, \#594"
125,"O'Hare, ED, Lu, L, Bookheimer, SY, Kan, E, McCourt, ST, Poldrack, RA, Thompson, PM, Toga, AW, Sowell, ER",2006,Mapping Relationships Between Cortical Thickness and Cortical Activation During Verbal Working Memory in Normally Developing Children and Adolescents,"Organization for Human Brain Mapping Abstracts, \#418"
126,"Shattuck, DW, Hojatkashani, C, Mirza, M, Adisetiyo, V, Salamon, G, Narr, KL, Poldrack, RA, Bilder, RM, Toga, AW",2006,Construction of a 3D Probabilistic Atlas of Human Brain Structures,"Organization for Human Brain Mapping Abstracts, \#626"
127,"Tom, SM, Fox, CR, Trepel, C,  Poldrack, RA",2006,Neural responses to potential monetary gains and losses: An fMRI study of mixed-gamble acceptability,"Cognitive Neuroscience Society Abstracts, B141"
128,"Cohen, JR, Aron, AR  Poldrack, RA",2006,Effects of Training on Stop-Signal Inhibition,"Cognitive Neuroscience Society Abstracts, B124"
129,"Aron, AR , Robbins, T W ,  Poldrack, R A",2006,When is the striatum engaged by response inhibition,"Cognitive Neuroscience Society Abstracts, B125"
130,"Stover, E, Fox, CR, Trepel, C,  Poldrack, RA",2006,Balancing Risk and Reward: Functional Neuroimaging of the Balloon Analogue Risk Task,"Cognitive Neuroscience Society Abstracts, F18"
131,"Xue G  Poldrack, RA",2006,", The Neural Substrates of Orthographic Learning: an Examination of the VWFA Hypothesis","Cognitive Neuroscience Society Abstracts, G57"
132,RAPoldrack; ARAron; DShohamy; CEMyers; MAGluck,2005,"Midbrain And Ventral Striatum Show Opposite Responses To Outcome Uncertainty During Performance    Society for Neuroscience Abstracts, 192",18
133,DGGhahremani; RAPoldrack,2005,Comparing The Influences Of Informational Feedback And Monetary Reward On Probabilistic Classification Learning: An fMRI Study,"Society for Neuroscience Abstracts, 192"
134,JRCohen; RAPoldrack,2005,Automaticity Does Not Impair Response Inhibition,"Society for Neuroscience Abstracts, 314"
135,ARAron; RAPoldrack,2005,The Subcortical Basis Of Stop-Signal Response Inhibition,"Society for Neuroscience Abstracts, 534"
136,KEFoerde; BJKnowlton; RAPoldrack,2005,Secondary Task Effects On Classification Learning Examined Using fMRI,"Society for Neuroscience Abstracts, 581"
137,"Poldrack, RA, Aron, AR,  Tom, S",2005,fMRI artifact removal using independent components analysis: Effects on group-level statistics,"Human Brain Mapping, \#538"
138,"Aron, AR, Wu, A, Koski, L, Lin, C-H, Newman, P, Iacoboni, M,  Poldrack, RA",2005,Image-guided single-pulse transcranial magnetic stimulation of lateral prefrontal cortex during response inhibition,"Human Brain Mapping, \#1353"
139,"Poldrack, RA",2005,Methodological and conceptual challenges for developmental fMRI,"Talk presented at the Amsterdam Conference on Developmental Cogntiive Neuroscience, Amsterdam"
140,"Poldrack, RA",2005,The development of phonological awareness,"Talk presented at the Amsterdam Conference on Developmental Cogntiive Neuroscience, Amsterdam"
141,"Poldrack, R A",2005,The organization of cognitive functions in the left inferior prefrontal cortex,"Talk presented at the Cognitive Neuroscience Society Annual Meeting, New York"
142,"Aron, AR,  Tom, SM, Shohamy, D, Myers, CE, Gluck, MA, Poldrack, RA",2004,Comparing probabilistic and deterministic classification using fMRI: role of basal ganglia and medial temporal lobe,"Society for Neuroscience Abstracts, 201"
143,"Cazalis, F, Tom, SM, Reger, M, Stover, E, Turner, KL,  Poldrack, RA",2004,Event-related fMRI study of mirror reading skill acquisition,"Society for Neuroscience Abstracts,369"
144,"Engel, SA,  Poldrack, RA",2004,An Undergraduate Laboratory Class in Functional Neuroimaging,"Society for Neuroscience Abstracts,29"
145,"Raizada, R D  Poldrack, R A",2004,Probing the structure of phonetic categories in the human brain,"Cognitive Neuroscience Society Abstracts, B133"
146,"Foerde, K, Sabb, F, Bookheimer, S Y, Knowlton, B J, Asarnow, R,  Poldrack, R A",2004,Changes in functional connectivity during motor sequence learning,"Cognitive Neuroscience Society Abstracts, C52"
147,"Aron, AR, Rodriguez, P,  Poldrack, R A",2004,Ventral striatal activity correlates with prediction error from neural network model,"Cognitive Neuroscience Society Abstracts, C115"
148,"Shohamy, D, Myers, C E, Aron, A, Poldrack, R A, Dindwall, V, El-Shammaa, N, Sage, J, Gluck, MA",2004,Probabilistic and deterministic category learning in Parkinson\~Os disease,"Cognitive Neuroscience Society Abstracts, D98"
149,"Poldrack, R A",2003,Neural systems for rapid naming and phonological awareness,"Talk presented at the International Dyslexia Association annual meeting, San Diego"
150,"Poldrack, R A",2003,Interactive memory systems in humans,"Talk presented at the SFN Pre-Symposium on Interactive Memory Systems, New Orleans"
151,"Aron, AR, Shohamy, D, Rodriguez, P, Clark, J, Myers, C, Gluck, MA,  Poldrack, RA",2003,Activity in human substantia nigra increases with increasing uncertainty of feedback,"Society for Neuroscience Abstracts, 400"
152,"Rodriguez, PF  Poldrack, RA",2003,Path analysis of cortical-subcortical interactions in category learning with fMRI,"Society for Neuroscience Abstracts, 400"
153,"Raizada, RD  Poldrack, RA",2003,"Difficult, unpredictable trials coactivate noradrenergic and frontal attentional systems","Society for Neuroscience Abstracts, 401"
154,"Poldrack, RA, Sabb, F, Foerde, K, Tom, S, O'Hare, E, Bookheimer, SY, Knowlton, BJ,  Asarnow, RF",2003,Automaticity in motor sequence leanring examined using fMRI,"Society for Neuroscience Abstracts, 443"
155,"Lai, I, Hoge, R, Greenberg, JE, Greve, D, Vangel, M, Poldrack, R,  Gollub, R",2003,Teaching statistical analysis of fMRI data: an online resource,"Human Brain Mapping, 2003"
156,"Misra, M, Katzir, T, Wolf, M,  Poldrack, R A",2003,Neural systems specialized for phonological versus orthographic analysis using fMRI,"Cognitive Neuroscience Society Abstracts, C137"
157,"Shohamy, D, Myers, C E, Grossman, S, Sage, J, Poldrack, R A, Gluck, M A",2003,Spared or impaired classification learning in Parkinson's disease as a function of the feedback structure of the task,"Cognitive Neuroscience Society Abstracts, C205"
158,"Foerde, K, Sabb, F, Shohamy, D, Myers, C E, Gluck, M A, Bookheimer, S, Asarnow, R, Poldrack, R A,  Knowlton, B J",2003,Effect of secondary task on probabilistic classification task performance,"Cognitive Neuroscience Society Abstracts, E209"
159,"Lai, I, Gollub, R, Hoge, R, Greve, D, Vangel, M, Poldrack, R A,  Greenberg, J E",2002,Teaching statistical analysis of fMRI data,American Society for Engineering Education Annual Meeting
160,"Poldrack, R A",2002,Functional imaging of of classification learning.,"Talk presented at the NIPS Workshop on Foundations and Modeling in Neuroimaging, Whistler, BC. "
161,"Poldrack, R A, Clark, J, Shohamy, D, Myers, C,  Gluck,MA",2002,Feedback-related activity during probabilistic classification learning examined using event-related fMRI,"Society for Neuroscience Abstracts, 20"
162,"Raizada, R D,  Poldrack, R A",2002,Adaptation-fMRI of categorical processing of speech,"Society for Neuroscience Abstracts, 17"
163,"Alvarez, RP, Jasdzewski, G,  Poldrack, R A",2002,Building memories in two languages: An fMRI study of episodic encoding in bilinguals,"Society for Neuroscience Abstracts, 179"
164,"Poldrack, R A",2002,The neural basis of skill learning.,"Talk presented at the Memory Disorders Research Society Annual Meeting, San Francisco."
165,"Poldrack, R A",2002, The role of the basal ganglia in category learning.,"Talk presented at the First Cognitive Neuroscience of Category Learning Conference, New York."
166,"Poldrack, R A, Clark, J, Shohamy, D, Myers, C,  Gluck, M A",2002,Separating stimulus-related and feedback-related activity during categorization learning using event-related fMRI,Cognitive Neuroscience Society Abstracts
167,"Jasdzewski, G, Strangman, G, Wagner, J, Kwong, K, Boas, D,  Poldrack, RA",2002,"Now You See It, Now You Don't: The Initial Dip As Seen/Not Seen By Near-Infrared Spectroscopy", Cognitive Neuroscience Society Abstracts
168,"Alvarez, RP, Jasdzewski, G,  Poldrack, RA",2002,Cross-Language Priming In Left Inferior Prefrontal Cortex: FMRI Support For Decreased Semantic Control And Increased Automaticity Of Semantic Processing, Cognitive Neuroscience Society Abstracts
169,"Pare-Blagoev, EJ, Cestnick, L, Rose, LT, Clark,J, Misra,M, Katzir-Cohen, T, Hook, P, Jones, SD, Galaburda, A, Marantz, A,  Poldrack, RA",2002,The neural basis of phonological awareness in normal-reading children examined using fMRI,Cognitive Neuroscience Society Abstracts
170,"Boas, D A, Jasdzewski, G, Strangman, G, Culver, JP,  Poldrack, RA,",2002,Hemodynamic modeling for event-related motor and visual stimuli as measured by near-infrared spectroscopy, International Society for Magnetic Resonance in Medicine
171,"Boas, D A, Jasdzewski, G, Strangman, G, Culver, JP,  Poldrack, RA,",2002,Modeling of the hemodynamic response for event-related motor and visual stimuli as measured by near-infrared spectroscopy, Optical Society of America
172,"Poldrack, R A",2001,Reading and the brain: New directions for diagnosis and treatment,"Talk presented at the 17th Annual Learning Differences Conference, Cambridge, MA."
173,"Poldrack, R A",2001,The neural basis of reading and dyslexia: Evidence from magnetic resonance imaging,"Talk presented at the fourth Annual Japanese-American Frontiers in Science Symposium, Tokyo, Japan. "
174,"Poldrack, R A",2001,Imaging of perceptual and cognitive skill learning.,"Talk presented at the Third Annual International Conference on Memory, Valencia, Spain."
175,"Poldrack, R A, Clark, J, Shohamy, D, Creso Moyano, J, Myers, C E,  Gluck, M A",2001,Learning and reversal of probabilistic classification: An event-related fMRI study,"Society for Neuroscience Abstracts, 347"
176,"Raizada, R D S,  Poldrack, R A",2001,Event-related fMRI of audio-visual simultaneity perception,"Society for Neuroscience Abstracts, 511"
177,"O'Kane, G, Badre, D, Pare-Blagoev, J, Poldrack, R A,  Wagner, A D",2001,Left prefrontal processes subserving mnemonic control during semantic retrieval,"Society for Neuroscience Abstracts, 236"
178,"Misra, M, Katzir-Cohen, T, Clark, J, Wolf, M,  Poldrack, R A",2001,Neural systems for rapid automatized naming identified using fMRI,"Society for Neuroscience Abstracts, 119"
179,"E Temple, RA Poldrack, GK Deutsch, J Salidis, P Tallal, MM Merzenich, JDE Gabrieli",2001,Dyslexic children show neural and behavioral effects of remediation: Evidence from fMRI,"Society for Neuroscience Abstracts, 346"
180,"Tallal, P, Temple, E, Poldrack, R A, Deutsch, G K, Salidis, J, Merzenich, M M,  Gabrieli, J D E",2001,Disruption in neural processing of rapid acoustic stimuli in dyslexic children: An fMRI study of developmental dyslexia,"Society for Neuroscience Abstracts, 529"
181,"GT Stebbins, MC Carillo, D Medina, L deToledo - Morrell, T Klingberg, RA Poldrack, M Moseley, O Karni, RS Wilson, DA Bennett,  JDE Gabrieli",2001,"Frontal white matter integrity in aging and its relation to reasoning performance: a diffusion tensor imaging study Society for Neuroscience Abstracts, 456",3
182,"Poldrack, R A, Shohamy, D, Clark, J, Pare-Blagoev, J, Creso Moyano, J, Myers, C E,  Gluck, M A",2001,Competition between declarative and nondeclarative memory systems: Evidence from probabilistic classification," Cognitive Neuroscience Society Abstracts, 79B"
183,"Wagner, A D, Pare-Blagoev, J, Badre, D, Clark, J,  Poldrack, R A",2001,Functional contributions of left inferior prefrontal cortex: fMRI support for the controlled semantic retrieval hypothesis,"Cognitive Neuroscience Society Abstracts, 129A"
184,"Deutsch, GK, Temple, E, Linn, N, Miller, SL, Merzenich, MM, Tallal, P, Poldrack, RA, Salidis, J, Gabrieli, JDE",2001,"Language, reading, phonological processing, and their relationship to fMRI activation in children with dyslexia"," Cognitive Neuroscience Society Abstracts, 67C"
185,"Jasdzewski, G, Hespos, S, Gaudette, T, Thompson, J, Boas, D,  Poldrack, R A",2001,Imaging of prefrontal activation during a linguistic task using near-infrared spectroscopy,"Cognitive Neuroscience Society Abstracts, 59B"
186,"Stebbins, GT, Poldrack, RA, Klingberg, T, Carrillo, MC, Desmond, JE, Moseley, ME, Hedehus, M, Wilson, RS, Karni, G, Bennett, DA, deToledo-Morrell, L, Gabrieli, JDE",2001,Aging effects on white matter integrity and processing speed: A diffusion tensor imaging study,"Neurology, 56 (Suppl"
187,"Poldrack, R A",2000,fMRI studies of striatal and medial temporal lobe activation during category learning.,"Talk presented at the Memory Disorders Research Society Annual Meeting, Toronto."
188,"Poldrack, RA,  Gabrieli, J D E",2000,fMRI evidence for common neural substrates for skill learning and repetition priming,"Psychonomic Society Abstracts, submitted"
189,"Poldrack, R A",2000,A neural basis for reading skill: Evidence from microstructural brain imaging.,"Talk presented at the National Dyslexia Research Foundation Annual Conference, Elounda, Greece."
190,"Golby, AJ, Desmond, J E, Poldrack, R A, Spencer, D, Brewer, J B,  Gabrieli, J D E",2000,Novelty-associated mesial temporal lobe activation during memory encoding in patients with mesial temporal lobe epilepsy,"Society of Neuroscience Abstracts, submitted"
191,"Temple, E, Poldrack, RA, Salidis, J, Deutsch, G, Thomason, M, Tallal, P, Merzenich, MM,  Gabrieli, J D E",2000,Phonological processing in dyslexic children: An fMRI study,"Society of Neuroscience Abstracts, submitted"
192,"Wagner, AD, Pare-Blagoev, EJ, Clark, J,  Poldrack, R A",2000,Left prefrontal cortex and executive control: fMRI evidence for prefrontal sensitivity to associative strength and semantic retrieval demands,"Society of Neuroscience Abstracts, submitted"
193,"Poldrack, R A  Gabrieli, JDE",2000,Learning-related changes during acquisition of mirror-reading skill are not typography-specific: Evidence from fMRI,"Society of Neuroscience Abstracts, submitted"
194,"Poldrack, R A",2000,Brain Structure and Function: The Relation to Reading.,"Talk presented at the BrainConnection.com Brain Research and Learning Conference, San Francisco."
195,"Temple, E, Poldrack, R A, Salidis, J, Deutsch, G, Merzenich, M M, Tallal, P,  Gabrieli, J D E",2000,Functional magnetic resonance imaging (fMRI) of developmental dyslexia: Neural response to linguistic and nonlinguistic stimuli in dyslexic children.,"Poster presented at the Cognitive Neuroscience Society Annual Meeting, San Francisco."
196,"Vuilleumier, P, Hazeltine, E, Poldrack, R A, Sagiv, N, Rafal, R,  Gabrieli, J D E",2000,The neural fate of neglected faces: An event-related fMRI study of visual extinction.,"Poster presented at the Cognitive Neuroscience Society Annual Meeting, San Francisco."
197,"Golby, A J, Poldrack, R A, Spencer, D, Brewer, J B, Gabrieli, J D E",1999,Material-specific lateralization of novelty effects during memory encoding,"Society for Neuroscience Abstracts,258"
198,"Hazeltine, E, Poldrack, R A, Gabrieli, J D E,  Ivry, R",1999,Response competition induces increases in cerebral activation as revealed with fMRI,"Society for Neuroscience Abstracts,141"
199,"Klingberg, T, Hedehus, M, Temple, E, Salz, T, Gabrieli, J D E, Moseley, M E,  Poldrack, R A",1999,Reading ability is correlated with myelination of axons in the left temporo-parietal region of the brain,"Society for Neuroscience Abstracts,654"
200,"Temple, E, Poldrack, R A, Protopapas, A, Nagarajan, S, Tallal, P, Merzenich, M M, Gabrieli, J D E",1999,Disruption of linguistic and nonlinguistic processing in developmental dyslexia,"Society for Neuroscience Abstracts,724"
201,"Temple, E, Poldrack, R A, Protopapas, A, Nagarajan, S, Tallal, P, Merzenich, M M, Gabrieli, J D E",1999,Functional organization for rapid processing disrupted in dyslexics: An FMRI study,"Poster presented at the Cognitive Neuroscience Society Annual Meeting, 1999. "
202,"Poldrack, R A",1998,Multiple functional roles of the left inferior prefrontal cortex: Evidence from neuroimaging.,"Talk presented at the Academy of Aphasia Annual Meeting, November 1998, Santa Fe, NM."
203,"R A Poldrack, J C Hsieh,  J D E Gabrieli",1998,Striatal activation associated with visual skill learning and repetition priming examined using FMRI,"Society for Neuroscience Abstracts, 24, 408"
204,"Temple, E Poldrack, R A, Protopapas, A, Nagarajan, S, Tallal, P, Merzenich, M M,  Gabrieli, J D E",1998,Auditory processing of rapid stimuli and phonological processing of visual stimuli involve common brain areas in the left inferior frontal cortex,"Society for Neuroscience Abstracts, 24, 15"
205,"Gabrieli, J D E, Poldrack, R A,  Wagner, A D",1998,Material specific and nonspecific prefrontal activations associated with encoding and retrieval of episodic memories,"Society for Neuroscience Abstracts, 24, 302"
206,"Spencer, D C, Poldrack, R A, Vaidya, C J, Temple, E, Glover, G H, Zeifert, P, Thomander, D, Morrell, M J,  Gabrieli, J D E",1998,Functional brain organization following hemispherectomy using functional MRI.,"Poster presented at the American Epilepsy Society Annual Meeting, December 1998, San Diego, CA."
207,"Poldrack, R A, Protopapas, A, Nagarajan, S, Tallal, P, Merzenich, M M, Temple, E,  Gabrieli, J D E",1998,Auditory processing of temporally compressed speech: An FMRI study.,"Poster presented at the Cognitive Neuroscience Society Meeting, 1998."
208,"Poldrack, R A,  Church, B",1997,Auditory priming of new associations,"Psychonomic Society Abstracts, 2, 461"
209,"Seger, C A, Poldrack, R A, Prabakharan, V,  Gabrieli, J D E",1997,An fMRI study of visual concept learning,"Psychonomic Society Abstracts, 2, 670"
210,"Vaidya, C J, Poldrack, R A,  Gabrieli, J D E",1997,Dissociation between perceptual and conceptual new association priming,"Psychonomic Society Abstracts, 2, 63"
211,"Poldrack, R A, Prabakharan, V, Seger, C, Desmond, J E, Glover, G H,  Gabrieli, J D E",1997,Learning to classify probabilistically: Changes in cortical activity revealed by functional MRI,"Society For Neuroscience Abstracts, 23, 413"
212,"Wagner, AD, R A Poldrack, J E Desmond, G H Glover, and J D E Gabrieli",1997,An FMRI study of prefrontal activation during retrieval of verbal and nonverbal episodic memory,"Society For Neuroscience Abstracts, 23, 191"
213,"Prull, M, R A Poldrack, A D Wagner, J E Desmond,  G H Glover, and J D E Gabrieli",1997,Semantic and phonological processing in prefrontal cortex: An FMRI study,"Society For Neuroscience Abstracts, 23, 191"
214,"Prabakharan, V, Seger, C A, Poldrack, R A, Desmond, J E,  Gabrieli, J D E",1997,Neural correlates of categorical learning examined using fMRI,"Poster presented at the annual meeting of the Cognitive Science Society, Palo Alto."
215,"Seger, C A, Prabakharan, V, Poldrack, R A, Desmond, J E,  Gabrieli, J D E",1997,Implicit and explicit knowledge in artificial grammar learning: An fMRI study.,"Poster presented at the annual meeting of the Cognitive Science Society, Palo Alto."
216,"Poldrack, R A, Vaidya, C J, Palav, A,  Gabrieli, J D E",1996,Priming of new conceptual associations,"Psychonomic Society Abstracts,1, 293"
217,"Poldrack, R A, Desmond, J E, Glover, G H,  Gabrieli, J D E",1996,The neural basis of visual skill: An FMRI study of mirror reading,"Society For Neuroscience Abstracts,22, 289"
218,"Seger, C, Prabakharan, V, Poldrack, R A,  Gabrieli, J D E",1996,Judgment processes in artificial grammar learning: An fMRI study,"Psychonomic Society Abstracts, 1"
219,"Poldrack, R A,  Cohen, N J",1995,Can a single memory system support skill learning and priming.,"Poster presented at the annual meeting of the Psychonomic Society, Los Angeles."
220,"Poldrack, R A,  Cohen, N J",1995,Memory retrieval in sequence learning,"Paper presented at the annual meeting of the Midwest Psychological Association, Chicago."
221,"Selco, S L, Poldrack, R A,  Cohen, N J",1995,The nature of the representation supporting learning in a digit entering task,"Paper presented at the annual meeting of the Midwest Psychological Association, Chicago."
222,"Vaidya, CJ, Demb, JB, Keane, MM, Monti, LA, Cohen, NJ, Poldrack, RA,  Gabrieli, JDE",1994,The core memory deficit in amnesia is neither one of conceptual processing nor one of explicit retrieval,"Society for Neuroscience Abstracts, 20, 1289"
223,"Poldrack, R A, Selco, S L, Field, J E,  Cohen, N J",1994,Repetition effects from novice to expert.,"Poster presented at the annual meeting of the Psychonomic Society, St. Louis."
224,"Poldrack, R A,  Logan, G D",1994,Fluency and recognition: It's not that easy.,"Paper presented at the annual meeting of the Midwest Psychological Association, Chicago."
225,"Poldrack, R A, Selco, S L, Field, J E,  Cohen, N J",1994,Skill learning and repetition effects in a digit entering task. ,"Paper presented at the annual meeting of the Midwest Psychological Association, Chicago."
226,"Vaidya, CJ, Gabrieli, JDE, Keane, MM, Monti, LA, Cohen, NJ,  Poldrack, RA",1994,Is amnesia a selective impairment of conceptual processes.,"Poster presented at the First Annual Cognitive Neuroscience Conference, San Francisco."
227,"Dulany, D E,  Poldrack, R A",1991,Learned covariation: Conscious or unconscious representation.,"Paper presented at the annual meeting of the Psychonomic Society, San Francisco. "
